{"Test Accuracy": 23.666666666666668, "Test Loss": 48.59999990463257, "_timestamp": 1679165811.3500462, "_runtime": 2.408238172531128, "_step": 0, "_wandb": {"runtime": 0}}