{"graph": {"_type": "graph-file", "sha256": "35f689a411ea8c40827e72e0f5c6284400b2b483c0ccca386099d9ad100467ba", "size": 596, "path": "media/graph/graph_summary_35f689a411ea8c40827e.graph.json"}, "epoch": 99, "_timestamp": 1679512805.5009298, "loss": 2.918428421020508, "mae": 1.3947142362594604, "val_loss": 3.188002109527588, "val_mae": 1.4746668338775635, "_runtime": 17.444945812225342, "_step": 102, "best_val_loss": 3.188001871109009, "best_epoch": 62, "test_loss": 3.188002109527588, "test_mae": 1.4746668338775635, "accuracy": 1.3499999046325684, "y_pred": {"_type": "histogram", "values": [71, 0, 0, 0, 0, 0, 0, 0, 0, 0, 69, 0, 0, 0, 0, 0, 0, 0, 0, 0, 0, 75, 0, 0, 0, 0, 0, 0, 0, 0, 0, 85], "bins": [0.0, 0.09375, 0.1875, 0.28125, 0.375, 0.46875, 0.5625, 0.65625, 0.75, 0.84375, 0.9375, 1.03125, 1.125, 1.21875, 1.3125, 1.40625, 1.5, 1.59375, 1.6875, 1.78125, 1.875, 1.96875, 2.0625, 2.15625, 2.25, 2.34375, 2.4375, 2.53125, 2.625, 2.71875, 2.8125, 2.90625, 3.0]}, "y_test": {"_type": "histogram", "values": [71, 0, 0, 0, 0, 0, 0, 0, 0, 0, 69, 0, 0, 0, 0, 0, 0, 0, 0, 0, 0, 75, 0, 0, 0, 0, 0, 0, 0, 0, 0, 85], "bins": [0.0, 0.09375, 0.1875, 0.28125, 0.375, 0.46875, 0.5625, 0.65625, 0.75, 0.84375, 0.9375, 1.03125, 1.125, 1.21875, 1.3125, 1.40625, 1.5, 1.59375, 1.6875, 1.78125, 1.875, 1.96875, 2.0625, 2.15625, 2.25, 2.34375, 2.4375, 2.53125, 2.625, 2.71875, 2.8125, 2.90625, 3.0]}, "_wandb": {"runtime": 16}}