{"test_loss": 0.0008783202990889549, "test_accuracy": 89.33333333333333, "_timestamp": 1679438880.6056426, "_runtime": 6.850470542907715, "_step": 49, "_wandb": {"runtime": 5}}