{"Test Accuracy": 0.0, "Test Loss": 48.59999990463257, "_timestamp": 1679164118.5167494, "_runtime": 1243.6588044166565, "_step": 49, "_wandb": {"runtime": 2203}}