{"graph": {"_type": "graph-file", "sha256": "9c8665dfcb80fd9ed2baf428fdd6b1e483a094b1cfea657cff682f9eb258ef2e", "size": 596, "path": "media/graph/graph_summary_9c8665dfcb80fd9ed2ba.graph.json"}, "epoch": 99, "_timestamp": 1679513696.034198, "loss": 2.918428421020508, "mae": 1.39471435546875, "accuracy": 0.2435714304447174, "val_loss": 3.1880013942718506, "val_mae": 1.4746665954589844, "val_accuracy": 0.27666667103767395, "_runtime": 71.62521314620972, "_step": 100, "best_val_loss": 3.1880011558532715, "best_epoch": 90, "test_loss": 3.1880013942718506, "test_mae": 1.4746665954589844, "test_acc": 0.27666667103767395, "_wandb": {"runtime": 92}}