{"graph": {"_type": "graph-file", "sha256": "4c448cf4749a1c1bebb60cd3f42392a9a3655925b2f4b9fef2ffc9260f1ddf8c", "size": 733, "path": "media/graph/graph_summary_4c448cf4749a1c1bebb6.graph.json"}, "epoch": 99, "_timestamp": 1679389492.7475781, "loss": 0.04771648347377777, "mae": 0.16485194861888885, "val_loss": 0.1232929453253746, "val_mae": 0.26525765657424927, "_runtime": 67.5455150604248, "_step": 100, "best_val_loss": 0.11772380769252777, "best_epoch": 59, "test_loss": 0.1232929453253746, "test_mae": 0.26525765657424927, "_wandb": {"runtime": 320}}