{"graph": {"_type": "graph-file", "sha256": "30953d13a14412441eeb86a02aa6561a7d17f943f694ab7f5c72994bc5dd20ac", "size": 722, "path": "media/graph/graph_summary_30953d13a14412441eeb.graph.json"}, "epoch": 99, "_timestamp": 1679389188.0507617, "loss": NaN, "mae": NaN, "val_loss": NaN, "val_mae": NaN, "_runtime": 21.178343772888184, "_step": 100, "test_loss": NaN, "test_mae": NaN, "_wandb": {"runtime": 21}}