{"Test Accuracy": 23.666666666666668, "Test Loss": 48.59999990463257, "_timestamp": 1679165823.8102965, "_runtime": 2.322960615158081, "_step": 0, "_wandb": {"runtime": 0}}