{"graph": {"_type": "graph-file", "sha256": "4c448cf4749a1c1bebb60cd3f42392a9a3655925b2f4b9fef2ffc9260f1ddf8c", "size": 733, "path": "media/graph/graph_summary_4c448cf4749a1c1bebb6.graph.json"}, "epoch": 99, "_timestamp": 1679389774.549027, "loss": 0.03692219778895378, "mae": 0.14020314812660217, "val_loss": 0.13209663331508636, "val_mae": 0.27294474840164185, "_runtime": 21.79762291908264, "_step": 101, "best_val_loss": 0.12022072076797485, "best_epoch": 13, "test_loss": 0.13209663331508636, "test_mae": 0.27294474840164185, "y_pred": {"_type": "histogram", "values": [71, 0, 0, 0, 0, 0, 0, 0, 0, 0, 69, 0, 0, 0, 0, 0, 0, 0, 0, 0, 0, 75, 0, 0, 0, 0, 0, 0, 0, 0, 0, 85], "bins": [0.0, 0.09375, 0.1875, 0.28125, 0.375, 0.46875, 0.5625, 0.65625, 0.75, 0.84375, 0.9375, 1.03125, 1.125, 1.21875, 1.3125, 1.40625, 1.5, 1.59375, 1.6875, 1.78125, 1.875, 1.96875, 2.0625, 2.15625, 2.25, 2.34375, 2.4375, 2.53125, 2.625, 2.71875, 2.8125, 2.90625, 3.0]}, "y_test": {"_type": "histogram", "values": [71, 0, 0, 0, 0, 0, 0, 0, 0, 0, 69, 0, 0, 0, 0, 0, 0, 0, 0, 0, 0, 75, 0, 0, 0, 0, 0, 0, 0, 0, 0, 85], "bins": [0.0, 0.09375, 0.1875, 0.28125, 0.375, 0.46875, 0.5625, 0.65625, 0.75, 0.84375, 0.9375, 1.03125, 1.125, 1.21875, 1.3125, 1.40625, 1.5, 1.59375, 1.6875, 1.78125, 1.875, 1.96875, 2.0625, 2.15625, 2.25, 2.34375, 2.4375, 2.53125, 2.625, 2.71875, 2.8125, 2.90625, 3.0]}, "_wandb": {"runtime": 19}}