{"graph": {"_type": "graph-file", "sha256": "e59179f9e2d04988ad0221deb3db1b1b7c189f815e4ca7c66ddb1b9fcedb59d6", "size": 596, "path": "media/graph/graph_summary_e59179f9e2d04988ad02.graph.json"}, "epoch": 99, "_timestamp": 1679513877.0393496, "loss": 2.9184281826019287, "mae": 1.3947142362594604, "accuracy": 0.2135714292526245, "val_loss": 3.1880011558532715, "val_mae": 1.4746665954589844, "val_accuracy": 0.2633333206176758, "_runtime": 63.71339964866638, "_step": 100, "best_val_loss": 3.188000440597534, "best_epoch": 91, "test_loss": 3.1880011558532715, "test_mae": 1.4746665954589844, "test_acc": 0.2633333206176758, "_wandb": {"runtime": 63}}