{"graph": {"_type": "graph-file", "sha256": "d6f570e429c7c81e2ca77e998af6b69db9ed82dba7660dc2644cae040f580d2a", "size": 596, "path": "media/graph/graph_summary_d6f570e429c7c81e2ca7.graph.json"}, "epoch": 99, "_timestamp": 1679514123.8114924, "loss": 0.0009732311009429395, "mae": 0.010701104998588562, "accuracy": 1.0, "val_loss": 0.04007967561483383, "val_mae": 0.06031601503491402, "val_accuracy": 0.8899999856948853, "_runtime": 53.95001244544983, "_step": 100, "best_val_loss": 0.03443363681435585, "best_epoch": 55, "test_loss": 0.04007967561483383, "test_mae": 0.06031601503491402, "test_acc": 0.8899999856948853, "_wandb": {"runtime": 52}}