{"test_loss": 0.027064393758773803, "test_accuracy": 23.666666666666668, "_timestamp": 1679431300.7237475, "_runtime": 3.9948713779449463, "_step": 49, "_wandb": {"runtime": 3}}