{"Test Accuracy": 23.666666666666668, "Test Loss": 48.59999990463257, "_timestamp": 1679165805.13141, "_runtime": 2.3798818588256836, "_step": 0, "_wandb": {"runtime": 0}}