{"graph": {"_type": "graph-file", "sha256": "92430c6c11a38598aecd831f72e335d9e753041118ad206ad361f5d169cb7f3c", "size": 596, "path": "media/graph/graph_summary_92430c6c11a38598aecd.graph.json"}, "epoch": 99, "_timestamp": 1679513501.6901562, "loss": 2.918428421020508, "mae": 1.3947144746780396, "accuracy": 0.26357144117355347, "val_loss": 3.188002824783325, "val_mae": 1.4746665954589844, "val_accuracy": 0.24666666984558105, "_runtime": 75.70999431610107, "_step": 99, "best_val_loss": 3.188002586364746, "best_epoch": 96, "_wandb": {"runtime": 74}}